"course_id","course_code","course_title","lec_hours","lab_hours","units","tuition_hours","created_at","updated_at"
"1","ACCO 20213","Accounting Principles","3","0","3","3","2024-10-24 00:36:38","2024-10-24 00:36:38"
"2","COMP 20013","Introduction to Computing","2","3","3","5","2024-10-24 00:37:10","2024-10-24 00:37:10"
"3","COMP 20023","Computer Programming 1","2","3","3","5","2024-10-24 00:37:48","2024-10-24 00:37:48"
"4","GEED 10053","Mathematics in the Modern World","3","0","3","3","2024-10-24 00:38:15","2024-10-24 00:38:15"
"5","GEED 10063","Purposive Communication","3","0","3","3","2024-10-24 00:38:40","2024-10-24 00:38:40"
"6","ICTE 10013","Basic Computer Hardware Servicing","2","3","3","5","2024-10-24 00:39:12","2024-10-24 00:39:12"
"7","NSTP 10013","CWTS/ROTC","3","0","3","0","2024-10-24 00:39:52","2024-10-24 00:39:52"
"8","OFAD 30013","Keyboarding and Documents Processing with Laboratory","2","3","3","5","2024-10-24 00:40:30","2024-10-24 00:40:30"
"9","PHED 01","Physical Education 1","2","0","2","2","2024-10-24 00:40:55","2024-10-24 00:40:55"
"10","COMP 20033","Computer Programming 2","2","3","3","5","2024-10-24 00:41:42","2024-10-24 00:41:42"
"11","COMP 20043","Discrete Structures 1","3","0","3","3","2024-10-24 00:42:23","2024-10-24 00:42:23"
"12","COMP 20233","Technopreneurship","3","0","3","3","2024-10-24 00:42:59","2024-10-24 00:42:59"
"13","ECEN 20102","Basic Electronics","0","6","2","6","2024-10-24 00:43:31","2024-10-24 00:43:31"
"14","GEED 10023","Understanding the Self","3","0","3","3","2024-10-24 00:44:04","2024-10-24 00:44:04"
"15","GEED 10083","Science, Technology and Society","3","0","3","3","2024-10-24 00:44:35","2024-10-24 00:44:35"
"16","ICTE 10023","Hardware/Software Installation and Maintenance","2","3","3","5","2024-10-24 00:45:23","2024-10-24 00:45:23"
"17","NSTP 10023","CWTS/ROTC","3","0","3","0","2024-10-24 00:45:52","2024-10-24 00:45:52"
"18","PHED 02","Physical Education 2","2","0","2","2","2024-10-24 00:46:21","2024-10-24 00:46:21"
"19","ICTE 10033","OJT 1 (Information Technology Assistant/Computer Programmer Aide - 300 hours)","2","3","3","5","2024-10-24 00:47:49","2024-10-24 00:47:49"
"20","BUMA 20063","Principles of Management and Organization","3","0","3","3","2024-10-24 00:48:31","2024-10-24 00:48:31"
"21","CMP 20063","Data Structures and Algorithms","2","3","3","5","2024-10-24 00:49:05","2024-10-24 00:49:05"
"22","COMP 20103","Operating Systems","2","3","3","5","2024-10-24 00:49:37","2024-10-24 00:49:37"
"23","COMP 20173","Data Communications and Networking","2","3","3","5","2024-10-24 00:50:13","2024-10-24 00:50:13"
"24","COMP 20263","Computer Programming 3","2","3","3","5","2024-10-24 00:50:53","2024-10-24 00:50:53"
"25","COMP 40013","Project Management","2","3","3","5","2024-10-24 00:51:24","2024-10-24 00:51:24"
"26","INTE 30163","Integrative Programming and Technologies","2","3","3","5","2024-10-24 00:52:05","2024-10-24 00:52:05"
"27","PHED 03","Physical Education 3","2","0","2","2","2024-10-24 00:52:28","2024-10-24 00:52:28"
"29","COMP 20083","Object Oriented Programming","2","3","3","5","2024-10-24 00:54:15","2024-10-24 00:54:15"
"30","COMP 20093","Information Management","2","3","3","5","2024-10-24 00:54:58","2024-10-24 00:54:58"
"31","COMP 20143","Human Computer Interaction","3","0","3","3","2024-10-24 00:55:34","2024-10-24 00:55:34"
"32","COMP 20163","Web Development","2","3","3","5","2024-10-24 00:56:15","2024-10-24 00:56:15"
"33","COMP 20203","Quantitative Methods with Modeling and Simulation","3","0","3","3","2024-10-24 00:57:08","2024-10-24 00:57:08"
"34","COMP 40033","Business Intelligence","2","3","3","5","2024-10-24 00:57:50","2024-10-24 00:57:50"
"35","ICTE 10043","Network Administration","2","3","3","5","2024-10-24 00:58:34","2024-10-24 00:58:34"
"36","PHED 04","Physical Education 4","2","0","2","2","2024-10-24 00:59:04","2024-10-24 00:59:04"
"37","SMAP 40053","Business Analytics (SMP Plus)","2","3","3","5","2024-10-24 00:59:59","2024-10-24 00:59:59"
"38","ICTE 10053","OJT 2 (Junior Programmer 1/Junior Programmer 2 - 300 hours)","2","3","3","5","2024-10-24 01:02:02","2024-10-24 01:02:02"
"39","COMP 20213","Database Administration","3","2","3","5","2024-10-24 01:02:52","2024-10-24 01:02:52"
"40","COMP 20243","Systems Analysis and Design","3","0","3","3","2024-10-24 01:03:20","2024-10-24 01:03:20"
"41","COMP 20253","Applications Development and Emerging Technologies","2","3","3","5","2024-10-24 01:04:03","2024-10-24 01:04:03"
"42","COMP 20293","Advance Programming","2","3","3","5","2024-10-24 01:04:35","2024-10-24 01:04:35"
"43","COMP 20303","Software Engineering","2","3","3","5","2024-10-24 01:05:02","2024-10-24 01:05:02"
"44","INTE 30043","Multimedia","2","3","3","5","2024-10-24 01:05:45","2024-10-24 01:05:45"
"45","INTE 30083","Systems Administration and Maintenance","2","3","3","5","2024-10-24 01:06:46","2024-10-24 01:06:46"
"46","ICTE 10066","Internship (Computer Programming Specialist - 600 hours)","6","0","6","6","2024-10-24 01:08:02","2024-10-24 01:08:02"
"47","GEED 032","Filipinolohiya at Pambansang Kaunlaran","3","0","3","3","2024-10-24 01:24:44","2024-10-24 01:24:44"
"48","GEED 005","Purposive Communication","3","0","3","3","2024-10-24 01:25:15","2024-10-24 01:25:15"
"49","GEED 004","Mathematics in the Modern World","3","0","3","3","2024-10-24 01:25:42","2024-10-24 01:25:42"
"50","ACCO 014","Principles of Accounting","3","0","3","3","2024-10-24 01:26:09","2024-10-24 01:26:09"
"51","COMP 001","Introduction to Computing","2","3","3","5","2024-10-24 01:26:45","2024-10-24 01:26:45"
"52","COMP 002","Computer Programming 1","2","3","3","5","2024-10-24 01:27:27","2024-10-24 01:27:27"
"53","PATHFit 1","Physical Activities Towards Health and Fitness 1","2","0","2","2","2024-10-24 01:28:36","2024-10-24 01:28:36"
"54","NSTP 001","National Service Training Program 1","3","0","3","3","2024-10-24 01:29:01","2024-10-24 01:29:01"
"55","GEED 033","Pagsasalin sa Kontekstong Filipino","3","0","3","3","2024-10-24 01:29:54","2024-10-24 01:29:54"
"56","GEED 002","Reading in Philippine History","3","0","3","3","2024-10-24 01:30:27","2024-10-24 01:30:42"
"57","GEED 020","Politics Governance and Citizenship","3","0","3","3","2024-10-24 01:31:17","2024-10-24 01:31:17"
"58","COMP 004","Discrete Structures 1","3","0","3","3","2024-10-24 01:31:53","2024-10-24 01:39:39"
"59","COMP 003","Computer Programming 2","2","3","3","5","2024-10-24 01:32:38","2024-10-24 01:32:38"
"60","GEED 010","People and the Earth's Ecosystem","3","0","3","3","2024-10-24 01:33:12","2024-10-24 01:33:12"
"61","PATHFit 2","Physical Activities Towards Health and Fitness 1 (PATHFit 2)","2","0","2","2","2024-10-24 01:34:08","2024-10-24 01:34:08"
"62","NSTP 002","National Service Training Program 2","3","0","3","3","2024-10-24 01:34:48","2024-10-24 01:34:48"
"63","GEED 001","Understanding the Self","3","0","3","3","2024-10-24 01:36:19","2024-10-24 01:36:19"
"64","GEED 028","Reading Visual Arts","3","0","3","3","2024-10-24 01:36:53","2024-10-24 01:36:53"
"65","INTE-FE 1","BSIT Free Elective 1","3","0","3","3","2024-10-24 01:37:35","2024-10-24 01:38:12"
"66","COMP 007","Operating Systems","2","3","3","5","2024-10-24 01:40:33","2024-10-24 01:40:33"
"67","INTE 201","Programming 3 (Structured Programming)","2","3","3","5","2024-10-24 01:41:25","2024-10-24 01:41:25"
"68","COMP 008","Data Communications and Networking","2","3","3","5","2024-10-24 01:42:00","2024-10-24 01:42:00"
"69","COMP 006","Physical Activities Towards Health and Fitness 3 (PATHFit 3)","2","0","2","2","2024-10-24 01:42:43","2024-10-24 01:42:43"
"70","COMP 006","Data Structures and Algorithms","2","3","3","5","2024-10-24 01:43:41","2024-10-24 01:43:41"
"71","INTE-FE2","BSIT Free Elective 2","3","0","3","3","2024-10-24 01:44:25","2024-10-24 01:44:25"
"72","COMP 012","Network Administration","2","3","3","5","2024-10-24 01:45:00","2024-10-24 01:45:00"
"73","COMP 013","Human Computer Interaction","3","0","3","3","2024-10-24 01:45:30","2024-10-24 01:45:30"
"74","COMP 014","Quantitative Methods with Modeling and Simulation","3","0","3","3","2024-10-24 01:46:06","2024-10-24 01:46:06"
"75","INTE 202","Integrative Programming and Technologies 1","2","3","3","5","2024-10-24 01:46:35","2024-10-24 01:46:35"
"76","COMP 009","Object Oriented Programming","2","3","3","5","2024-10-24 01:47:11","2024-10-24 01:47:11"
"77","COMP 010","Information Management","2","3","3","5","2024-10-24 01:47:52","2024-10-24 01:47:52"
"78","PATHFit 4","Physical Activities Towards Health and Fitness 4 (PATHFit 4)","2","0","2","2","2024-10-24 01:48:34","2024-10-24 01:48:34"
"79","GEED 006","Art Appreciation","3","0","3","3","2024-10-24 01:49:13","2024-10-24 01:49:13"
"80","COMP 016","Web Development","2","3","3","5","2024-10-24 01:49:58","2024-10-24 01:49:58"
"81","INTE 301","System Integration and Architecture 1","3","0","3","3","2024-10-24 01:50:34","2024-10-24 01:50:34"
"82","COMP 017","Multimedia","2","3","3","5","2024-10-24 01:50:56","2024-10-24 01:50:56"
"83","INTE-E1","IT Elective 1","2","3","2","5","2024-10-24 01:51:23","2024-10-24 01:51:23"
"84","COMP 018","Database Administration","2","3","3","5","2024-10-24 01:51:48","2024-10-24 01:51:48"
"85","COMP 015","Fundamentals of Research","3","0","3","3","2024-10-24 01:52:13","2024-10-24 01:52:13"
"86","GEED 003","The Contemporary World","3","0","3","3","2024-10-24 01:52:46","2024-10-24 01:52:46"
"87","H333RMA001","Principles of Management and Organization","3","0","3","3","2024-10-24 01:53:24","2024-10-24 01:53:24"
"88","INTE 302","Information Assurance and Security 1","2","3","3","5","2024-10-24 01:54:09","2024-10-24 01:54:09"
"89","GEED 008","Ethics","3","0","3","3","2024-10-24 01:54:36","2024-10-24 01:54:36"
"90","INTE 303","Capstone Project 1","2","3","3","5","2024-10-24 01:55:30","2024-10-24 01:55:30"
"91","INTE-E2","IT Elective 2","2","3","3","5","2024-10-24 01:56:02","2024-10-24 01:56:02"
"92","COMP 019","Applications Development and Emerging Technologies","2","3","3","5","2024-10-24 01:56:44","2024-10-24 01:56:44"
"93","GEED 037","Buhay at Mga Sinulat ni Rizal","3","0","3","3","2024-10-24 01:57:22","2024-10-24 01:57:22"
"94","INTE-E3","IT Elective 3","2","3","3","5","2024-10-24 01:57:57","2024-10-24 01:57:57"
"95","GEED 007","Science, Technology, and Society","3","0","3","3","2024-10-24 01:58:55","2024-10-24 01:58:55"
"96","COMP 023","Social and Professional Issues in Computing","3","0","3","3","2024-10-24 02:00:00","2024-10-24 02:00:00"
"97","INTE-401","Information Assurance and Security 2","3","0","3","3","2024-10-24 02:00:48","2024-10-24 02:00:48"
"98","INTE 402","Capstone Project 2","3","0","3","3","2024-10-24 02:01:46","2024-10-24 02:01:46"
"99","INTE 403","Systems Administration and Maintenance","2","3","3","5","2024-10-24 02:02:35","2024-10-24 02:02:35"
"100","INTE-E4","IT Elective 4","2","3","3","5","2024-10-24 02:03:03","2024-10-24 02:03:23"
"101","INTE 404","Practicum (500 Hours)","6","0","6","6","2024-10-24 02:04:39","2024-10-24 02:04:39"
"102","COMP 024","Technoprenuership","3","0","3","3","2024-10-24 02:05:54","2024-10-24 02:05:54"
"103","ACCO 101","Financial Accounting and Reporting","6","0","6","6","2024-10-24 02:29:56","2024-10-24 02:29:56"
"104","LAW 101","Law on Obligation and Contracts","3","0","3","3","2024-10-24 02:32:25","2024-10-24 02:32:25"
"105","GEED 001","Understanding the Self","3","0","3","3","2024-10-24 02:32:53","2024-10-24 02:32:53"
"106","ECON 351","Managerial Economics","3","0","3","3","2024-10-24 02:33:19","2024-10-24 02:33:19"
"107","GEED 007","Science, Technology, and Society","3","0","3","3","2024-10-24 02:33:46","2024-10-24 02:33:46"
"108","CWTS 001","National Service Training Program 1","3","0","3","3","2024-10-24 02:34:24","2024-10-24 02:34:24"
"109","PATHFit 1","Physical Activity Towards Health and Fitness 1","2","0","2","2","2024-10-24 02:34:56","2024-10-24 02:34:56"
"110","ACCO 102","Intermediate Accounting 1","3","0","3","3","2024-10-24 02:35:56","2024-10-24 02:47:19"
"111","ACCO 103","Conceptual Framework and Accounting Standards","3","0","3","3","2024-10-24 02:36:52","2024-10-24 02:36:52"
"112","GEED 004","Mathematics in the Modern World","3","0","3","3","2024-10-24 02:37:15","2024-10-24 02:37:15"
"113","ECON 306","Economic Development","3","0","3","3","2024-10-24 02:37:43","2024-10-24 02:37:43"
"114","GEED 032","Filipinolohiya at Pambansang Kaunlaran","3","0","3","3","2024-10-24 02:38:18","2024-10-24 02:38:18"
"115","GEED 005","Purposive Communication","3","0","3","3","2024-10-24 02:38:46","2024-10-24 02:38:46"
"116","GEED 012","Living in the IT Era","3","0","3","3","2024-10-24 02:40:31","2024-10-24 02:40:31"
"117","CTWS 002","National Service Training Program 2","3","0","3","3","2024-10-24 02:41:13","2024-10-24 02:41:13"
"118","PATHFit 2","Physical Activity Towards Health and Fitness 2","2","0","2","2","2024-10-24 02:41:47","2024-10-24 02:41:47"
"119","GEED 035","Panitikang Filipino","3","0","3","3","2024-10-24 02:42:25","2024-10-24 02:42:25"
"120","GEED 002","Reading in Philippine History","3","0","3","3","2024-10-24 02:42:51","2024-10-24 02:42:51"
"121","GEED 024","Business Logic","3","0","3","3","2024-10-24 02:43:10","2024-10-24 02:43:10"
"122","ACCO 201","Intermediate Accounting 2","3","0","3","3","2024-10-24 02:45:06","2024-10-24 02:45:06"
"123","ACCO 202","Cost Accounting and Control","3","0","3","3","2024-10-24 02:46:00","2024-10-24 02:46:00"
"124","ACCO 203","Income Taxation","3","0","3","3","2024-10-24 02:48:14","2024-10-24 02:48:14"
"125","ACCO 204","Financial Management","3","0","3","3","2024-10-24 02:49:07","2024-10-24 02:49:07"
"126","LAW 012","Business Laws and Regulations","3","0","3","3","2024-10-24 02:49:36","2024-10-24 02:49:36"
"127","GEED 008","Ethics","3","0","3","3","2024-10-24 02:49:54","2024-10-24 02:49:54"
"128","GEED 020","Politics, Governance, and Citizenship","3","0","3","3","2024-10-24 02:50:22","2024-10-24 02:50:22"
"129","BUMA 011","Operations Management (TQM)","3","0","3","3","2024-10-24 02:50:55","2024-10-24 02:50:55"
"130","PATHFit 3","Physical Activity Towards Health and Fitness 3","2","0","2","2","2024-10-24 02:51:32","2024-10-24 02:51:32"
"131","ACCO 205","Strategic Cost Management","3","0","3","3","2024-10-24 02:52:40","2024-10-24 02:52:40"
"132","ACCO 206","Accounting for Special Transactions","3","0","3","3","2024-10-24 02:53:36","2024-10-24 02:53:36"
"133","ACCO 207","Financial Markets","3","0","3","3","2024-10-24 02:54:32","2024-10-24 02:54:32"
"134","ACCO 208","Business Taxation","3","0","3","3","2024-10-24 02:55:35","2024-10-24 02:55:35"
"135","ACCO 209","Intermediate Accounting 3","3","0","3","3","2024-10-24 02:56:51","2024-10-24 02:56:51"
"136","LAW 013","Regulatory Framework and Legal Issues in Business","3","0","3","3","2024-10-24 02:57:47","2024-10-24 02:57:47"
"137","STAT 203","Statistical Analysis with Software Application","2","3","3","5","2024-10-24 02:58:23","2024-10-24 02:58:23"
"138","BUMA 020","Management Science","3","0","3","3","2024-10-24 03:00:11","2024-10-24 03:00:11"
"139","ACCO 20213","Accounting Principles","3","0","3","3","2024-10-24 07:32:47","2024-10-24 07:32:47"
"140","COMP 20013","Introduction to Computing","2","3","3","5","2024-10-24 07:33:12","2024-10-24 07:33:12"
"141","COMP 20023","Computer Programming 1","2","3","3","5","2024-10-24 07:33:33","2024-10-24 07:33:33"
"142","GEED 10053","Mathematics in the Modern World","3","0","3","3","2024-10-24 07:34:03","2024-10-24 07:34:03"
"143","GEED 10063","Purposive Communication","3","0","3","3","2024-10-24 07:34:27","2024-10-24 07:34:27"
"144","GEED 10103","Filipinolohiya at Pambansang Kaunlaran","3","0","3","3","2024-10-24 07:35:06","2024-10-24 07:35:06"
"145","NSTP 10013","CWTS/ROTC","3","0","3","0","2024-10-24 07:35:53","2024-10-24 07:35:53"
"146","PHED 01","Physical Education 1","2","0","2","2","2024-10-24 07:36:21","2024-10-24 07:36:21"
"147","COMP 20033","Computer Programming 2","2","3","3","5","2024-10-24 07:36:54","2024-10-24 07:36:54"
"148","COMP 20043","Discrete Structures 1","3","0","3","3","2024-10-24 07:37:29","2024-10-24 07:37:29"
"149","GEED 10033","Readings in Philippine History","3","0","3","3","2024-10-24 07:39:59","2024-10-24 07:39:59"
"150","GEED 10113","Pagsasalin sa Kontekstong Filipino","3","0","3","3","2024-10-24 07:40:37","2024-10-24 07:40:37"
"151","GEED 20023","Politics, Governance and Citizenship","3","0","3","3","2024-10-24 07:41:07","2024-10-24 07:41:07"
"152","NSTP 10023","CWTS/ROTC","3","0","3","0","2024-10-24 07:41:33","2024-10-24 07:41:33"
"153","PHED 02","Physical Education 2","2","0","2","2","2024-10-24 07:42:06","2024-10-24 07:42:06"
"154","GEED 10023","Understanding the Self","3","0","3","3","2024-10-24 07:42:44","2024-10-24 07:42:44"
"155","GEED 20093","Reading Visual Arts","3","0","3","3","2024-10-24 07:43:10","2024-10-24 07:43:10"
"156","GEED 10223","World Literature","3","0","3","3","2024-10-24 07:43:34","2024-10-24 07:43:34"
"157","COMP 20103","Operating Systems","2","3","3","5","2024-10-24 07:44:19","2024-10-24 07:44:19"
"158","INTE 30013","Programming 3 (Structured Programming)","2","3","3","5","2024-10-24 07:44:56","2024-10-24 07:44:56"
"159","COMP 20173","Data Communications and Networking","2","3","3","5","2024-10-24 07:45:24","2024-10-24 07:45:24"
"160","COMP 20063","Data Structures and Algorithms","2","3","3","5","2024-10-24 07:46:12","2024-10-24 07:46:12"
"161","PHED 03","Physical Education 3","2","0","2","2","2024-10-24 07:46:48","2024-10-24 07:46:48"
"162","COMP 20083","Object Oriented Programming","2","3","3","5","2024-10-24 07:47:55","2024-10-24 07:47:55"
"163","COMP 20093","Information Management","2","3","3","5","2024-10-24 07:48:26","2024-10-24 07:48:26"
"164","COMP 20143","Human Computer Interaction","3","0","3","3","2024-10-24 07:48:53","2024-10-24 07:48:53"
"165","COMP 20193","Network Administration","2","3","3","5","2024-10-24 07:49:34","2024-10-24 07:49:34"
"166","COMP 20203","Quantitative Methods with Modeling and Simulation","3","0","3","3","2024-10-24 07:50:20","2024-10-24 07:50:20"
"167","GEED 20113","People and the Earth's Ecosystem","3","0","3","3","2024-10-24 07:50:46","2024-10-24 07:50:46"
"168","INTE 30023","Integrative Programming and Technologies 1","2","3","3","5","2024-10-24 07:51:22","2024-10-24 07:51:22"
"169","PHED 04","Physical Education 4","2","0","2","2","2024-10-24 07:51:45","2024-10-24 07:51:45"
"170","COMP 20123","Fundamentals of Research","3","0","3","3","2024-10-24 07:52:36","2024-10-24 07:52:36"
"171","COMP 20163","Web Development","2","3","3","5","2024-10-24 07:53:15","2024-10-24 07:53:15"
"172","COMP 20213","Database Administration","3","2","3","5","2024-10-24 07:53:46","2024-10-24 07:53:46"
"173","GEED 10073","Art Appreciation","3","0","3","3","2024-10-24 07:54:07","2024-10-24 07:54:07"
"174","INTE 30033","Systems Integration and Architecture 1","3","0","3","3","2024-10-24 07:54:49","2024-10-24 07:54:49"
"175","INTE 30043","Multimedia","2","3","3","5","2024-10-24 07:55:13","2024-10-24 07:55:13"
"176","INTE-E1","IT Elective 1","2","3","3","5","2024-10-24 07:55:37","2024-10-24 07:55:37"
"177","BUMA 20063","Principles of Management and Organization","3","0","3","3","2024-10-24 07:56:10","2024-10-24 07:56:10"
"178","COMP 20133","Applications Development and Emerging Technologies","2","3","3","5","2024-10-24 07:56:56","2024-10-24 07:56:56"
"179","COMP 20233","Technopreneurship","3","0","3","3","2024-10-24 07:57:18","2024-10-24 07:57:18"
"180","COMP 20243","Systems Analysis and Design","3","0","3","3","2024-10-24 07:57:55","2024-10-24 07:57:55"
"181","GEED 10043","The Contemporary World","3","0","3","3","2024-10-24 07:58:23","2024-10-24 07:58:23"
"182","INTE 30063","Information Assurance and Security 1","2","3","3","5","2024-10-24 07:59:18","2024-10-24 07:59:18"
"183","INTE-E2","IT Elective 2","2","3","3","5","2024-10-24 07:59:45","2024-10-24 07:59:45"
"184","GEED 10093","Ethics","3","0","3","3","2024-10-24 08:00:10","2024-10-24 08:00:10"
"185","INTE 40163","Capstone Project 1","2","3","3","5","2024-10-24 08:00:41","2024-10-24 08:00:41"
"186","COMP 20333","Social and Professional Issues in IT","3","0","3","3","2024-10-24 08:01:27","2024-10-24 08:01:27"
"187","INTE 40173","Capstone Project 2","3","0","3","3","2024-10-24 08:01:52","2024-10-24 08:01:52"
"188","GEED 10013","Buhay at mga Sinulat ni Rizal","3","0","3","3","2024-10-24 08:02:16","2024-10-24 08:02:16"
"189","GEED 10083","Science, Technology and Society","3","0","3","3","2024-10-24 08:02:41","2024-10-24 08:02:41"
"190","INTE 30073","Information Assurance and Security 2","3","0","3","3","2024-10-24 08:03:41","2024-10-24 08:03:41"
"191","INTE 30083","Systems Administration and Maintenance","2","3","3","5","2024-10-24 08:04:17","2024-10-24 08:04:17"
"192","INTE-E3","IT Elective 3","2","3","3","5","2024-10-24 08:04:38","2024-10-24 08:04:38"
"193","INTE-E4","IT Elective 4","3","2","3","5","2024-10-24 08:05:03","2024-10-24 08:05:03"
"194","INTE 40016","Practicum (500 hours)","6","0","6","6","2024-10-24 08:05:31","2024-10-24 08:05:31"
"202","ACCO 20033","Financial Accounting and Reporting 1","3","0","3","3","2024-10-24 08:12:11","2024-10-24 08:12:11"
"203","GEED 10043","The Contemporary World","3","0","3","3","2024-10-24 08:12:34","2024-10-24 08:12:34"
"204","GEED 10073","Art Appreciation","3","0","3","3","2024-10-24 08:12:53","2024-10-24 08:12:53"
"205","GEED 10083","Science, Technology and Society","3","0","3","3","2024-10-24 08:13:15","2024-10-24 08:13:15"
"206","GEED 10103","Filipinolohiya at Pambansang Kaunlaran","3","0","3","3","2024-10-24 08:13:52","2024-10-24 08:13:52"
"207","LAW 20013","Law on Obligations and Contracts","3","0","3","3","2024-10-24 08:14:22","2024-10-24 08:14:22"
"208","NSTP 10013","CWTS/ROTC","3","0","3","0","2024-10-24 08:14:47","2024-10-24 08:14:47"
"209","PHED 01","Physical Education 1","2","0","2","2","2024-10-24 08:15:08","2024-10-24 08:15:08"
"210","PSYC 40033","Human Behavior in Organization","3","0","3","3","2024-10-24 08:15:37","2024-10-24 08:15:37"
"211","ACCO 20043","Financial Accounting and Reporting 2","3","0","3","3","2024-10-24 08:16:17","2024-10-24 08:16:17"
"212","ECON 40133","Managerial Economics","3","0","3","3","2024-10-24 08:16:40","2024-10-24 08:16:40"
"213","GEED 10023","Understanding the Self","3","0","3","3","2024-10-24 08:17:06","2024-10-24 08:17:06"
"214","GEED 10033","Readings in Philippine History","3","0","3","3","2024-10-24 08:17:31","2024-10-24 08:17:31"
"215","GEED 10053","Mathematics in the Modern World","3","0","3","3","2024-10-24 08:17:58","2024-10-24 08:17:58"
"216","GEED 10093","Ethics","3","0","3","3","2024-10-24 08:18:19","2024-10-24 08:18:19"
"217","GEED 10113","Pagsasalin sa Kontekstong Filipino","3","0","3","3","2024-10-24 08:19:10","2024-10-24 08:19:10"
"218","GEED 20023","Politics, Governance and Citizenship","3","0","3","3","2024-10-24 08:19:37","2024-10-24 08:19:37"
"219","NSTP 10023","CWTS/ROTC","3","0","3","0","2024-10-24 08:20:01","2024-10-24 08:20:01"
"220","PHED 02","Physical Education 2","2","0","2","2","2024-10-24 08:20:26","2024-10-24 08:20:26"
"221","GEED 10013","Buhay at mga Sinulat ni Rizal","3","0","3","3","2024-10-24 08:20:54","2024-10-24 08:20:54"
"222","GEED 10063","Purposive Communication","3","0","3","3","2024-10-24 08:21:15","2024-10-24 08:21:15"
"223","GEED 10133","Panitikang Filipino","3","0","3","3","2024-10-24 08:21:41","2024-10-24 08:21:41"
"224","ACCO 20053","Intermediate Accounting 1","3","0","3","3","2024-10-24 08:22:52","2024-10-24 08:22:52"
"225","ACCO 20063","Conceptual Frameworks and Accounting Standards","3","0","3","3","2024-10-24 08:23:42","2024-10-24 08:23:42"
"226","ACCO 20073","Cost Accounting and Control","3","0","3","3","2024-10-24 08:24:17","2024-10-24 08:24:17"
"227","ACCO 20083","Financial Markets","3","0","3","3","2024-10-24 08:24:38","2024-10-24 08:24:38"
"228","ECON 40163","Economic Development","3","0","3","3","2024-10-24 08:25:11","2024-10-24 08:25:11"
"229","GEED 20133","Living in the IT Era","3","0","3","3","2024-10-24 08:25:36","2024-10-24 08:25:36"
"230","GEED 20143","Business Logic","3","0","3","3","2024-10-24 08:25:55","2024-10-24 08:25:55"
"231","PHED 03","Physical Education 3","2","0","2","2","2024-10-24 08:26:18","2024-10-24 08:26:18"
"232","STAT 20053","Statistical Analysis with Software Application","2","3","3","5","2024-10-24 08:27:06","2024-10-24 08:27:06"
"233","ACCO 20093","Intermediate Accounting 2","3","0","3","3","2024-10-24 08:28:02","2024-10-24 08:28:02"
"234","ACCO 20103","Intermediate Accounting 3","3","0","3","3","2024-10-24 08:28:39","2024-10-24 08:28:39"
"235","ACCO 20113","Strategic Cost Management","3","0","3","3","2024-10-24 08:29:16","2024-10-24 08:29:16"
"236","ACCO 20123","Financial Management","3","0","3","3","2024-10-24 08:30:05","2024-10-24 08:30:05"
"237","ACCO 20133","Income Taxation","3","0","3","3","2024-10-24 08:30:42","2024-10-24 08:30:42"
"238","ACCO 20143","IT Application Tools in Business and Accounting","2","3","3","5","2024-10-24 08:31:14","2024-10-24 08:31:14"
"239","ACCO 30013","Accounting for Special Transactions","3","0","3","3","2024-10-24 08:31:59","2024-10-24 08:31:59"
"240","BUMA 20093","Operations Management and TQM","3","0","3","3","2024-10-24 08:33:02","2024-10-24 08:33:02"
"241","LAW 20023","Business Laws and Regulations","3","0","3","3","2024-10-24 08:33:43","2024-10-24 08:33:43"
"242","PHED 04","Physical Education 4","2","0","2","2","2024-10-24 08:34:05","2024-10-24 08:34:05"
"243","ACCO 20153","Accounting Information System","2","3","3","5","2024-10-24 08:34:49","2024-10-24 08:34:49"
"244","ACCO 20163","Governance, Business Ethics, Risk Management, and Internal Control","3","0","3","3","2024-10-24 08:36:01","2024-10-24 08:36:01"
"245","BUMA 20103","Management Science","3","0","3","3","2024-10-24 08:36:42","2024-10-24 08:36:42"
"246","ACCO 20173","Business Tax","3","0","3","3","2024-10-24 08:37:29","2024-10-24 08:37:29"
"247","ACCO 30023","Accounting for Business Combinations","3","0","3","3","2024-10-24 08:38:04","2024-10-24 08:38:04"
"248","ACCO 30033","Accounting for Government and Non-Profit Organizations","3","0","3","3","2024-10-24 08:38:49","2024-10-24 08:38:49"
"249","ACCO 30043","Auditing and Assurance Principles","3","0","3","3","2024-10-24 08:39:55","2024-10-24 08:39:55"
"250","ACCO 30053","Auditing and Assurance: Concepts and Applications 1","3","0","3","3","2024-10-24 08:40:40","2024-10-24 08:40:40"
"251","ACCO-PE2","Professional Elective 2","3","0","3","3","2024-10-24 08:41:24","2024-10-24 08:41:24"
"252","BUMA 20023","Strategic Management","3","0","3","3","2024-10-24 08:42:09","2024-10-24 08:42:09"
"253","LAW 20033","Regulatory Framework and Legal Issues in Business","3","0","3","3","2024-10-24 08:42:47","2024-10-24 08:42:47"
"254","ACCO 20193","Strategic Business Analysis with Contemporary Issues and Trends","3","0","3","3","2024-10-24 08:43:45","2024-10-24 08:43:45"
"255","ACCO 30063","Auditing and Assurance: Concepts and Applications 2","3","0","3","3","2024-10-24 08:44:32","2024-10-24 08:44:32"
"256","ACCO 30073","Auditing and Assurance: Specialized Industries","3","0","3","3","2024-10-24 08:45:12","2024-10-24 08:45:12"
"257","ACCO 30083","Auditing in CIS Environment","2","3","3","5","2024-10-24 08:45:49","2024-10-24 08:45:49"
"258","ACCO 40103","Accounting Research Methods","3","0","3","3","2024-10-24 08:46:18","2024-10-24 08:46:18"
"259","ACCO-PE3","Professional Elective 3","3","0","3","3","2024-10-24 08:46:53","2024-10-24 08:46:53"
"260","ACCO PE-4","Professional Elective 4","3","0","3","3","2024-10-24 08:47:20","2024-10-24 08:47:20"
"261","BUMA 20043","International Business and Trade","3","0","3","3","2024-10-24 08:47:48","2024-10-24 08:47:48"
"262","ACCO 40043","Accountancy Internship","6","0","6","6","2024-10-24 08:49:02","2024-10-24 08:49:02"
"263","ACCO 40053","Accountancy Research","3","0","3","3","2024-10-24 08:49:37","2024-10-24 08:49:37"
"264","ACCO 30093","Integrated Review Course in Financial Accounting and Reporting","3","0","3","3","2024-10-24 08:50:16","2024-10-24 08:50:16"
"265","ACCO 30103","Integrated Review Course in Advanced Financial Accounting and Reporting","3","0","3","3","2024-10-24 08:51:16","2024-10-24 08:51:16"
"266","ACCO 30113","Integrated Review Course in Auditing and Assurance Principles","3","0","3","3","2024-10-24 08:52:15","2024-10-24 08:52:15"
"267","ACCO 30123","Integrated Review Course in Applied Auditing","3","0","3","3","2024-10-24 08:53:03","2024-10-24 08:53:03"
"268","ACCO 30133","Integrated Review Course in Regulatory Framework for Business Transactions","3","0","3","3","2024-10-24 08:53:55","2024-10-24 08:53:55"
"269","ACCO 30143","Integrated Review Course in Taxation","3","0","3","3","2024-10-24 08:54:45","2024-10-24 08:54:45"
"270","ACCO 30153","Integrated Review Course in Management Advisory Services","3","0","3","3","2024-10-24 08:56:06","2024-10-24 08:56:06"
"271","PATHFit 4","Physical Activities Towards Health and Fitness 4","2","0","2","2","2024-10-24 10:23:54","2024-10-24 10:23:54"
"272","ACCO 210","IT Application Tools in Business and Accounting","2","3","3","5","2024-10-24 10:24:24","2024-10-24 10:24:24"
"273","ACCO 211","Governance, Business Ethics, Risk Management and Internal Control","3","0","3","3","2024-10-24 10:25:01","2024-10-24 10:25:01"
"274","BUMA 012","Strategic Management","3","0","3","3","2024-10-24 10:25:20","2024-10-24 10:25:20"
"275","ACCO 301","Accounting for Business Combinations","3","0","3","3","2024-10-24 10:26:43","2024-10-24 10:26:43"
"276","ACCO 302","Accounting for Government and Non-Profit Organizations","3","0","3","3","2024-10-24 10:27:26","2024-10-24 10:27:26"
"277","ACCO 303","Auditing and Assurance Principles","6","0","6","6","2024-10-24 10:28:22","2024-10-24 10:28:22"
"278","ACCO 304","Transfer Taxes, Local Taxation, and Preferential Taxation","3","0","3","3","2024-10-24 10:29:28","2024-10-24 10:29:28"
"279","ACCO 305","Accounting Information System","2","3","3","5","2024-10-24 10:30:19","2024-10-24 10:30:19"
"280","LAW 014","Updates in Regulatory Frameworks","3","0","3","3","2024-10-24 10:31:20","2024-10-24 10:31:20"
"281","ACCO 306","Auditing and Assurance: Concepts and Applications","6","0","6","6","2024-10-24 10:38:26","2024-10-24 10:38:26"
"282","ACCO 397","Auditing and Assurance: Specialized Industries","3","0","3","3","2024-10-24 10:39:06","2024-10-24 10:39:06"
"283","ACCO 308","Auditing in a CIS Environment","3","0","3","3","2024-10-24 10:39:44","2024-10-24 10:39:44"
"284","ACCO 309","Accounting Research Methods","3","0","3","3","2024-10-24 10:40:11","2024-10-24 10:40:11"
"285","ACCO 310","Strategic Business Analysis with Contemporary Issues and Trends","3","0","3","3","2024-10-24 10:41:16","2024-10-24 10:41:16"
"286","GEED 003","The Contemporary World","3","0","3","3","2024-10-24 10:41:50","2024-10-24 10:41:50"
"287","GEED 006","Art Appreciation","3","0","3","3","2024-10-24 10:42:07","2024-10-24 10:42:07"
"288","GEED 037","Buhay at mga Gawa ni Rizal","3","0","3","3","2024-10-24 10:42:29","2024-10-24 10:42:29"
"289","ACCO 401","Accountancy Internship","6","0","6","6","2024-10-24 10:43:26","2024-10-24 10:43:26"
"290","ACCO 402","Accountancy Research","3","0","3","3","2024-10-24 10:45:00","2024-10-24 10:45:00"
"291","BUMA 023","International Business Trade","3","0","3","3","2024-10-24 10:45:43","2024-10-24 10:45:43"
"292","ACCO 403","Integrated Review Course in Financial Accounting and Reporting","3","0","3","3","2024-10-24 10:47:19","2024-10-24 10:47:19"
"293","ACCO 404","Integrated Review Course in Advanced Financial Accounting and Reporting","3","0","3","3","2024-10-24 10:48:41","2024-10-24 10:48:41"
"294","ACCO 405","Integrated Review Course in Auditing and Assurance Principles","3","0","3","3","2024-10-24 10:49:48","2024-10-24 10:49:48"
"295","ACCO 406","Integrated Review Course in Applied Auditing","3","0","3","3","2024-10-24 10:50:42","2024-10-24 10:50:42"
"296","ACCO 407","Integrated Review Course in Regulatory Framework for Business Transactions","3","0","3","3","2024-10-24 10:51:40","2024-10-24 10:51:40"
"297","ACCO 408","Integrated Review Course in Taxation","3","0","3","3","2024-10-24 10:53:37","2024-10-24 10:53:37"
"298","ACCO 409","Integrated Review Course in Management Services","3","0","3","3","2024-10-24 10:54:21","2024-10-24 10:54:21"
"299","ITEC 101","Keyboarding and Documents Processing with Laboratory","2","3","3","5","2024-10-24 10:59:08","2024-10-24 10:59:08"
"300","COMP 001","Introduction to Computing","2","3","3","5","2024-10-24 10:59:59","2024-10-24 10:59:59"
"301","GEED 005","Purposive Communication","3","0","3","3","2024-10-24 11:00:24","2024-10-24 11:00:24"
"302","COMP 002","Computer Programming 1","2","3","3","5","2024-10-24 11:01:19","2024-10-24 11:01:19"
"303","ITECH 102","Basic Computer Hardware Servicing","2","3","3","5","2024-10-24 11:01:41","2024-10-24 11:01:41"
"304","GEED 004","Mathematics in the Modern World","3","0","3","3","2024-10-24 11:02:11","2024-10-24 11:02:11"
"305","CWTS 001","National Service Training Program 1","3","0","3","3","2024-10-24 11:02:33","2024-10-24 11:02:33"
"306","PATHFit 1","Physical Activity Towards Health and Fitness 1","2","0","2","2","2024-10-24 11:02:55","2024-10-24 11:02:55"
"307","GEED 001","Understanding the Self","3","0","3","3","2024-10-24 11:03:27","2024-10-24 11:03:27"
"308","COMP 003","Computer Programming 2","2","3","3","5","2024-10-24 11:03:49","2024-10-24 11:03:49"
"309","ECEN 012","Basic Electronics","0","6","2","6","2024-10-24 11:04:11","2024-10-24 11:04:11"
"310","COMP 004","Discrete Structures 1","3","0","3","3","2024-10-24 11:04:36","2024-10-24 11:04:36"
"311","COMP 024","Technopreneurship","3","0","3","3","2024-10-24 11:05:06","2024-10-24 11:05:06"
"312","GEED 007","Science, Technology, and Society","3","0","3","3","2024-10-24 11:05:31","2024-10-24 11:05:31"
"313","ITEC 103","Hardware/Software Installation and Maintenance","2","3","3","5","2024-10-24 11:07:13","2024-10-24 11:07:13"
"314","CWTS 002","National Service Training Program 2","3","0","3","3","2024-10-24 11:07:39","2024-10-24 11:07:39"
"315","PATHFit 2","Physical Activity Towards Health and Fitness 2","2","0","2","2","2024-10-24 11:08:11","2024-10-24 11:08:11"
"316","COMP 008","Data Communications and Networking","2","3","3","5","2024-10-24 11:08:54","2024-10-24 11:08:54"
"317","INTE 202","Integrative Programming and Technologies","2","3","3","5","2024-10-24 11:09:15","2024-10-24 11:09:15"
"318","COMP 006","Data Structures and Algorithms","2","3","3","5","2024-10-24 11:09:36","2024-10-24 11:09:36"
"319","INTE 201","Computer Programming 3","2","3","3","5","2024-10-24 11:10:09","2024-10-24 11:10:09"
"320","COMP 007","Operating Systems","2","3","3","5","2024-10-24 11:10:33","2024-10-24 11:10:33"
"321","COMP 023","Social and Professional Issues in Computing","3","0","3","3","2024-10-24 11:12:23","2024-10-24 11:12:23"
"322","PATHFit 3","Physical Activity Towards Health and Fitness 3","2","0","2","2","2024-10-24 11:12:48","2024-10-24 11:12:48"
"323","COMP 016","Web Development","2","3","3","5","2024-10-24 11:14:27","2024-10-24 11:14:27"
"324","COMP 010","Network Administration","2","3","3","5","2024-10-24 11:20:15","2024-10-24 11:20:15"
"325","COMP 010","Information Management","3","2","3","5","2024-10-24 11:20:52","2024-10-24 11:20:52"
"326","COMP 009","Object Oriented Programming","2","3","3","5","2024-10-24 11:21:48","2024-10-24 11:21:48"
"327","COMP 030","Business Intelligence","2","3","3","5","2024-10-24 11:22:15","2024-10-24 11:22:15"
"328","COMP 013","Human Computer Interaction","3","0","3","3","2024-10-24 11:22:40","2024-10-24 11:22:40"
"329","COMP 014","Quantitative Methods with Modeling and Simulation","3","0","3","3","2024-10-24 11:25:40","2024-10-24 11:25:40"
"330","PATHFit 4","Physical Activity Towards Health and Fitness 4","2","0","2","2","2024-10-24 11:26:04","2024-10-24 11:26:04"
"331","INTE 403","Systems Administration and Maintenance","2","3","3","5","2024-10-24 11:26:27","2024-10-24 11:26:27"
"332","ITEC 201","Practicum 1 (Junior Programmer 1/Junior Programmer 2 - 300 hours)","1","6","3","7","2024-10-24 11:27:47","2024-10-24 11:27:47"
"333","COMP 018","Database Administration","2","3","3","5","2024-10-24 11:28:24","2024-10-24 11:28:24"
"334","COMP 019","Applications Development and Emerging Technologies","2","3","3","5","2024-10-24 11:28:49","2024-10-24 11:28:49"
"335","INTE 351","System Analysis and Design","3","0","3","3","2024-10-24 11:29:09","2024-10-24 11:29:09"
"336","COMP 025","Project Management","2","3","3","5","2024-10-24 11:29:41","2024-10-24 11:29:41"
"337","COMP 017","Multimedia","2","3","3","5","2024-10-24 11:30:17","2024-10-24 11:30:17"
"338","ITEC 301","Advance Programming","2","3","3","5","2024-10-24 11:30:47","2024-10-24 11:30:47"
"339","COMP 015","Fundamental of Research","3","0","3","3","2024-10-24 11:31:12","2024-10-24 11:31:12"
"340","COMP 027","Mobile Application Development (SMP PLUS)","2","3","3","5","2024-10-24 11:31:40","2024-10-24 11:31:40"
"341","ITEC 302","Capstone","2","3","3","5","2024-10-24 11:32:12","2024-10-24 11:32:12"
"342","ITEC 303","Practicum 2 (Computer Programming Specialist- 300 hours)","1","6","3","7","2024-10-24 11:32:53","2024-10-24 11:32:53"
"343","ITEC 304","Seminar Issues on Trends in Information Technology","0","6","2","6","2024-10-24 11:33:31","2024-10-24 11:33:31"
"345","GEED 032","Filipinolohiya at Pambansang Kaunlaran","3","0","3","3","2024-11-20 00:04:32","2024-11-20 00:04:32"
"346","GEED 005","Purposive Communication","3","0","3","3","2024-11-20 00:04:32","2024-11-20 00:04:32"
"347","GEED 004","Mathematics in the Modern World","3","0","3","3","2024-11-20 00:04:32","2024-11-20 00:04:32"
"348","ACCO 014","Principles of Accounting","3","0","3","3","2024-11-20 00:04:32","2024-11-20 00:04:32"
"349","COMP 001","Introduction to Computing","2","3","3","5","2024-11-20 00:04:32","2024-11-20 00:04:32"
"350","COMP 002","Computer Programming 1","2","3","3","5","2024-11-20 00:04:32","2024-11-20 00:04:32"
"351","PATHFit 1","Physical Activities Towards Health and Fitness 1","2","0","2","2","2024-11-20 00:04:32","2024-11-20 00:04:32"
"352","NSTP 001","National Service Training Program 1","3","0","3","3","2024-11-20 00:04:32","2024-11-20 00:04:32"
"353","GEED 033","Pagsasalin sa Kontekstong Filipino","3","0","3","3","2024-11-20 00:04:32","2024-11-20 00:04:32"
"354","GEED 002","Reading in Philippine History","3","0","3","3","2024-11-20 00:04:32","2024-11-20 00:04:32"
"355","GEED 020","Politics Governance and Citizenship","3","0","3","3","2024-11-20 00:04:32","2024-11-20 00:04:32"
"356","COMP 004","Discrete Structures 1","3","0","3","3","2024-11-20 00:04:32","2024-11-20 00:04:32"
"357","COMP 003","Computer Programming 2","2","3","3","5","2024-11-20 00:04:32","2024-11-20 00:04:32"
"358","GEED 010","People and the Earth's Ecosystem","3","0","3","3","2024-11-20 00:04:32","2024-11-20 00:04:32"
"359","PATHFit 2","Physical Activities Towards Health and Fitness 1 (PATHFit 2)","2","0","2","2","2024-11-20 00:04:32","2024-11-20 00:04:32"
"360","NSTP 002","National Service Training Program 2","3","0","3","3","2024-11-20 00:04:32","2024-11-20 00:04:32"
"361","GEED 001","Understanding the Self","3","0","3","3","2024-11-20 00:04:32","2024-11-20 00:04:32"
"362","GEED 028","Reading Visual Arts","3","0","3","3","2024-11-20 00:04:32","2024-11-20 00:04:32"
"363","INTE-FE 1","BSIT Free Elective 1","3","0","3","3","2024-11-20 00:04:32","2024-11-20 00:04:32"
"364","COMP 007","Operating Systems","2","3","3","5","2024-11-20 00:04:32","2024-11-20 00:04:32"
"365","INTE 201","Programming 3 (Structured Programming)","2","3","3","5","2024-11-20 00:04:32","2024-11-20 00:04:32"
"366","COMP 008","Data Communications and Networking","2","3","3","5","2024-11-20 00:04:32","2024-11-20 00:04:32"
"367","COMP 006","Physical Activities Towards Health and Fitness 3 (PATHFit 3)","2","0","2","2","2024-11-20 00:04:32","2024-11-20 00:04:32"
"368","COMP 006","Data Structures and Algorithms","2","3","3","5","2024-11-20 00:04:32","2024-11-20 00:04:32"
"369","INTE-FE2","BSIT Free Elective 2","3","0","3","3","2024-11-20 00:04:32","2024-11-20 00:04:32"
"370","COMP 012","Network Administration","2","3","3","5","2024-11-20 00:04:32","2024-11-20 00:04:32"
"371","COMP 013","Human Computer Interaction","3","0","3","3","2024-11-20 00:04:32","2024-11-20 00:04:32"
"372","COMP 014","Quantitative Methods with Modeling and Simulation","3","0","3","3","2024-11-20 00:04:32","2024-11-20 00:04:32"
"373","INTE 202","Integrative Programming and Technologies 1","2","3","3","5","2024-11-20 00:04:32","2024-11-20 00:04:32"
"374","COMP 009","Object Oriented Programming","2","3","3","5","2024-11-20 00:04:32","2024-11-20 00:04:32"
"375","COMP 010","Information Management","2","3","3","5","2024-11-20 00:04:32","2024-11-20 00:04:32"
"376","PATHFit 4","Physical Activities Towards Health and Fitness 4 (PATHFit 4)","2","0","2","2","2024-11-20 00:04:32","2024-11-20 00:04:32"
"377","GEED 006","Art Appreciation","3","0","3","3","2024-11-20 00:04:32","2024-11-20 00:04:32"
"378","COMP 016","Web Development","2","3","3","5","2024-11-20 00:04:32","2024-11-20 00:04:32"
"379","INTE 301","System Integration and Architecture 1","3","0","3","3","2024-11-20 00:04:32","2024-11-20 00:04:32"
"380","COMP 017","Multimedia","2","3","3","5","2024-11-20 00:04:32","2024-11-20 00:04:32"
"381","INTE-E1","IT Elective 1","2","3","2","5","2024-11-20 00:04:32","2024-11-20 00:04:32"
"382","COMP 018","Database Administration","2","3","3","5","2024-11-20 00:04:32","2024-11-20 00:04:32"
"383","COMP 015","Fundamentals of Research","3","0","3","3","2024-11-20 00:04:32","2024-11-20 00:04:32"
"384","GEED 003","The Contemporary World","3","0","3","3","2024-11-20 00:04:32","2024-11-20 00:04:32"
"385","H333RMA001","Principles of Management and Organization","3","0","3","3","2024-11-20 00:04:32","2024-11-20 00:04:32"
"386","INTE 302","Information Assurance and Security 1","2","3","3","5","2024-11-20 00:04:32","2024-11-20 00:04:32"
"387","GEED 008","Ethics","3","0","3","3","2024-11-20 00:04:32","2024-11-20 00:04:32"
"388","INTE 303","Capstone Project 1","2","3","3","5","2024-11-20 00:04:32","2024-11-20 00:04:32"
"389","INTE-E2","IT Elective 2","2","3","3","5","2024-11-20 00:04:32","2024-11-20 00:04:32"
"390","COMP 019","Applications Development and Emerging Technologies","2","3","3","5","2024-11-20 00:04:32","2024-11-20 00:04:32"
"391","GEED 037","Buhay at Mga Sinulat ni Rizal","3","0","3","3","2024-11-20 00:04:32","2024-11-20 00:04:32"
"392","INTE-E3","IT Elective 3","2","3","3","5","2024-11-20 00:04:32","2024-11-20 00:04:32"
"393","GEED 007","Science, Technology, and Society","3","0","3","3","2024-11-20 00:04:32","2024-11-20 00:04:32"
"394","COMP 023","Social and Professional Issues in Computing","3","0","3","3","2024-11-20 00:04:32","2024-11-20 00:04:32"
"395","INTE-401","Information Assurance and Security 2","3","0","3","3","2024-11-20 00:04:32","2024-11-20 00:04:32"
"396","INTE 402","Capstone Project 2","3","0","3","3","2024-11-20 00:04:32","2024-11-20 00:04:32"
"397","INTE 403","Systems Administration and Maintenance","2","3","3","5","2024-11-20 00:04:32","2024-11-20 00:04:32"
"398","INTE-E4","IT Elective 4","2","3","3","5","2024-11-20 00:04:32","2024-11-20 00:04:32"
"399","INTE 404","Practicum (500 Hours)","6","0","6","6","2024-11-20 00:04:32","2024-11-20 00:04:32"
"400","COMP 024","Technoprenuership","3","0","3","3","2024-11-20 00:04:32","2024-11-20 00:04:32"
"401","ACCO 101","Financial Accounting and Reporting","6","0","6","6","2024-11-20 00:04:32","2024-11-20 00:04:32"
"402","LAW 101","Law on Obligation and Contracts","3","0","3","3","2024-11-20 00:04:32","2024-11-20 00:04:32"
"403","GEED 001","Understanding the Self","3","0","3","3","2024-11-20 00:04:32","2024-11-20 00:04:32"
"404","ECON 351","Managerial Economics","3","0","3","3","2024-11-20 00:04:32","2024-11-20 00:04:32"
"405","GEED 007","Science, Technology, and Society","3","0","3","3","2024-11-20 00:04:32","2024-11-20 00:04:32"
"406","CWTS 001","National Service Training Program 1","3","0","3","3","2024-11-20 00:04:32","2024-11-20 00:04:32"
"407","PATHFit 1","Physical Activity Towards Health and Fitness 1","2","0","2","2","2024-11-20 00:04:32","2024-11-20 00:04:32"
"408","ACCO 102","Intermediate Accounting 1","3","0","3","3","2024-11-20 00:04:32","2024-11-20 00:04:32"
"409","ACCO 103","Conceptual Framework and Accounting Standards","3","0","3","3","2024-11-20 00:04:32","2024-11-20 00:04:32"
"410","GEED 004","Mathematics in the Modern World","3","0","3","3","2024-11-20 00:04:32","2024-11-20 00:04:32"
"411","ECON 306","Economic Development","3","0","3","3","2024-11-20 00:04:32","2024-11-20 00:04:32"
"412","GEED 032","Filipinolohiya at Pambansang Kaunlaran","3","0","3","3","2024-11-20 00:04:32","2024-11-20 00:04:32"
"413","GEED 005","Purposive Communication","3","0","3","3","2024-11-20 00:04:32","2024-11-20 00:04:32"
"414","GEED 012","Living in the IT Era","3","0","3","3","2024-11-20 00:04:32","2024-11-20 00:04:32"
"415","CTWS 002","National Service Training Program 2","3","0","3","3","2024-11-20 00:04:32","2024-11-20 00:04:32"
"416","PATHFit 2","Physical Activity Towards Health and Fitness 2","2","0","2","2","2024-11-20 00:04:32","2024-11-20 00:04:32"
"417","GEED 035","Panitikang Filipino","3","0","3","3","2024-11-20 00:04:32","2024-11-20 00:04:32"
"418","GEED 002","Reading in Philippine History","3","0","3","3","2024-11-20 00:04:32","2024-11-20 00:04:32"
"419","GEED 024","Business Logic","3","0","3","3","2024-11-20 00:04:32","2024-11-20 00:04:32"
"420","ACCO 201","Intermediate Accounting 2","3","0","3","3","2024-11-20 00:04:32","2024-11-20 00:04:32"
"421","ACCO 202","Cost Accounting and Control","3","0","3","3","2024-11-20 00:04:32","2024-11-20 00:04:32"
"422","ACCO 203","Income Taxation","3","0","3","3","2024-11-20 00:04:32","2024-11-20 00:04:32"
"423","ACCO 204","Financial Management","3","0","3","3","2024-11-20 00:04:32","2024-11-20 00:04:32"
"424","LAW 012","Business Laws and Regulations","3","0","3","3","2024-11-20 00:04:32","2024-11-20 00:04:32"
"425","GEED 008","Ethics","3","0","3","3","2024-11-20 00:04:32","2024-11-20 00:04:32"
"426","GEED 020","Politics, Governance, and Citizenship","3","0","3","3","2024-11-20 00:04:32","2024-11-20 00:04:32"
"427","BUMA 011","Operations Management (TQM)","3","0","3","3","2024-11-20 00:04:32","2024-11-20 00:04:32"
"428","PATHFit 3","Physical Activity Towards Health and Fitness 3","2","0","2","2","2024-11-20 00:04:32","2024-11-20 00:04:32"
"429","ACCO 205","Strategic Cost Management","3","0","3","3","2024-11-20 00:04:32","2024-11-20 00:04:32"
"430","ACCO 206","Accounting for Special Transactions","3","0","3","3","2024-11-20 00:04:32","2024-11-20 00:04:32"
"431","ACCO 207","Financial Markets","3","0","3","3","2024-11-20 00:04:32","2024-11-20 00:04:32"
"432","ACCO 208","Business Taxation","3","0","3","3","2024-11-20 00:04:32","2024-11-20 00:04:32"
"433","ACCO 209","Intermediate Accounting 3","3","0","3","3","2024-11-20 00:04:32","2024-11-20 00:04:32"
"434","LAW 013","Regulatory Framework and Legal Issues in Business","3","0","3","3","2024-11-20 00:04:32","2024-11-20 00:04:32"
"435","STAT 203","Statistical Analysis with Software Application","2","3","3","5","2024-11-20 00:04:32","2024-11-20 00:04:32"
"436","BUMA 020","Management Science","3","0","3","3","2024-11-20 00:04:32","2024-11-20 00:04:32"
"437","PATHFit 4","Physical Activities Towards Health and Fitness 4","2","0","2","2","2024-11-20 00:04:32","2024-11-20 00:04:32"
"438","ACCO 210","IT Application Tools in Business and Accounting","2","3","3","5","2024-11-20 00:04:32","2024-11-20 00:04:32"
"439","ACCO 211","Governance, Business Ethics, Risk Management and Internal Control","3","0","3","3","2024-11-20 00:04:32","2024-11-20 00:04:32"
"440","BUMA 012","Strategic Management","3","0","3","3","2024-11-20 00:04:32","2024-11-20 00:04:32"
"441","ACCO 301","Accounting for Business Combinations","3","0","3","3","2024-11-20 00:04:32","2024-11-20 00:04:32"
"442","ACCO 302","Accounting for Government and Non-Profit Organizations","3","0","3","3","2024-11-20 00:04:32","2024-11-20 00:04:32"
"443","ACCO 303","Auditing and Assurance Principles","6","0","6","6","2024-11-20 00:04:32","2024-11-20 00:04:32"
"444","ACCO 304","Transfer Taxes, Local Taxation, and Preferential Taxation","3","0","3","3","2024-11-20 00:04:32","2024-11-20 00:04:32"
"445","ACCO 305","Accounting Information System","2","3","3","5","2024-11-20 00:04:32","2024-11-20 00:04:32"
"446","LAW 014","Updates in Regulatory Frameworks","3","0","3","3","2024-11-20 00:04:32","2024-11-20 00:04:32"
"447","ACCO 306","Auditing and Assurance: Concepts and Applications","6","0","6","6","2024-11-20 00:04:32","2024-11-20 00:04:32"
"448","ACCO 397","Auditing and Assurance: Specialized Industries","3","0","3","3","2024-11-20 00:04:32","2024-11-20 00:04:32"
"449","ACCO 308","Auditing in a CIS Environment","3","0","3","3","2024-11-20 00:04:32","2024-11-20 00:04:32"
"450","ACCO 309","Accounting Research Methods","3","0","3","3","2024-11-20 00:04:32","2024-11-20 00:04:32"
"451","ACCO 310","Strategic Business Analysis with Contemporary Issues and Trends","3","0","3","3","2024-11-20 00:04:32","2024-11-20 00:04:32"
"452","GEED 003","The Contemporary World","3","0","3","3","2024-11-20 00:04:32","2024-11-20 00:04:32"
"453","GEED 006","Art Appreciation","3","0","3","3","2024-11-20 00:04:32","2024-11-20 00:04:32"
"454","GEED 037","Buhay at mga Gawa ni Rizal","3","0","3","3","2024-11-20 00:04:32","2024-11-20 00:04:32"
"455","ACCO 401","Accountancy Internship","6","0","6","6","2024-11-20 00:04:32","2024-11-20 00:04:32"
"456","ACCO 402","Accountancy Research","3","0","3","3","2024-11-20 00:04:32","2024-11-20 00:04:32"
"457","BUMA 023","International Business Trade","3","0","3","3","2024-11-20 00:04:32","2024-11-20 00:04:32"
"458","ACCO 403","Integrated Review Course in Financial Accounting and Reporting","3","0","3","3","2024-11-20 00:04:32","2024-11-20 00:04:32"
"459","ACCO 404","Integrated Review Course in Advanced Financial Accounting and Reporting","3","0","3","3","2024-11-20 00:04:32","2024-11-20 00:04:32"
"460","ACCO 405","Integrated Review Course in Auditing and Assurance Principles","3","0","3","3","2024-11-20 00:04:32","2024-11-20 00:04:32"
"461","ACCO 406","Integrated Review Course in Applied Auditing","3","0","3","3","2024-11-20 00:04:32","2024-11-20 00:04:32"
"462","ACCO 407","Integrated Review Course in Regulatory Framework for Business Transactions","3","0","3","3","2024-11-20 00:04:32","2024-11-20 00:04:32"
"463","ACCO 408","Integrated Review Course in Taxation","3","0","3","3","2024-11-20 00:04:32","2024-11-20 00:04:32"
"464","ACCO 409","Integrated Review Course in Management Services","3","0","3","3","2024-11-20 00:04:32","2024-11-20 00:04:32"
"465","ITEC 101","Keyboarding and Documents Processing with Laboratory","2","3","3","5","2024-11-20 00:04:32","2024-11-20 00:04:32"
"466","COMP 001","Introduction to Computing","2","3","3","5","2024-11-20 00:04:32","2024-11-20 00:04:32"
"467","GEED 005","Purposive Communication","3","0","3","3","2024-11-20 00:04:32","2024-11-20 00:04:32"
"468","COMP 002","Computer Programming 1","2","3","3","5","2024-11-20 00:04:32","2024-11-20 00:04:32"
"469","ITECH 102","Basic Computer Hardware Servicing","2","3","3","5","2024-11-20 00:04:32","2024-11-20 00:04:32"
"470","GEED 004","Mathematics in the Modern World","3","0","3","3","2024-11-20 00:04:32","2024-11-20 00:04:32"
"471","CWTS 001","National Service Training Program 1","3","0","3","3","2024-11-20 00:04:32","2024-11-20 00:04:32"
"472","PATHFit 1","Physical Activity Towards Health and Fitness 1","2","0","2","2","2024-11-20 00:04:32","2024-11-20 00:04:32"
"473","GEED 001","Understanding the Self","3","0","3","3","2024-11-20 00:04:32","2024-11-20 00:04:32"
"474","COMP 003","Computer Programming 2","2","3","3","5","2024-11-20 00:04:32","2024-11-20 00:04:32"
"475","ECEN 012","Basic Electronics","0","6","2","6","2024-11-20 00:04:32","2024-11-20 00:04:32"
"476","COMP 004","Discrete Structures 1","3","0","3","3","2024-11-20 00:04:32","2024-11-20 00:04:32"
"477","COMP 024","Technopreneurship","3","0","3","3","2024-11-20 00:04:32","2024-11-20 00:04:32"
"478","GEED 007","Science, Technology, and Society","3","0","3","3","2024-11-20 00:04:32","2024-11-20 00:04:32"
"479","ITEC 103","Hardware/Software Installation and Maintenance","2","3","3","5","2024-11-20 00:04:32","2024-11-20 00:04:32"
"480","CWTS 002","National Service Training Program 2","3","0","3","3","2024-11-20 00:04:32","2024-11-20 00:04:32"
"481","PATHFit 2","Physical Activity Towards Health and Fitness 2","2","0","2","2","2024-11-20 00:04:32","2024-11-20 00:04:32"
"482","COMP 008","Data Communications and Networking","2","3","3","5","2024-11-20 00:04:32","2024-11-20 00:04:32"
"483","INTE 202","Integrative Programming and Technologies","2","3","3","5","2024-11-20 00:04:32","2024-11-20 00:04:32"
"484","COMP 006","Data Structures and Algorithms","2","3","3","5","2024-11-20 00:04:32","2024-11-20 00:04:32"
"485","INTE 201","Computer Programming 3","2","3","3","5","2024-11-20 00:04:32","2024-11-20 00:04:32"
"486","COMP 007","Operating Systems","2","3","3","5","2024-11-20 00:04:32","2024-11-20 00:04:32"
"487","COMP 023","Social and Professional Issues in Computing","3","0","3","3","2024-11-20 00:04:32","2024-11-20 00:04:32"
"488","PATHFit 3","Physical Activity Towards Health and Fitness 3","2","0","2","2","2024-11-20 00:04:32","2024-11-20 00:04:32"
"489","COMP 016","Web Development","2","3","3","5","2024-11-20 00:04:32","2024-11-20 00:04:32"
"490","COMP 010","Network Administration","2","3","3","5","2024-11-20 00:04:32","2024-11-20 00:04:32"
"491","COMP 010","Information Management","3","2","3","5","2024-11-20 00:04:32","2024-11-20 00:04:32"
"492","COMP 009","Object Oriented Programming","2","3","3","5","2024-11-20 00:04:32","2024-11-20 00:04:32"
"493","COMP 030","Business Intelligence","2","3","3","5","2024-11-20 00:04:32","2024-11-20 00:04:32"
"494","COMP 013","Human Computer Interaction","3","0","3","3","2024-11-20 00:04:32","2024-11-20 00:04:32"
"495","COMP 014","Quantitative Methods with Modeling and Simulation","3","0","3","3","2024-11-20 00:04:32","2024-11-20 00:04:32"
"496","PATHFit 4","Physical Activity Towards Health and Fitness 4","2","0","2","2","2024-11-20 00:04:32","2024-11-20 00:04:32"
"497","INTE 403","Systems Administration and Maintenance","2","3","3","5","2024-11-20 00:04:32","2024-11-20 00:04:32"
"498","ITEC 201","Practicum 1 (Junior Programmer 1/Junior Programmer 2 - 300 hours)","1","6","3","7","2024-11-20 00:04:32","2024-11-20 00:04:32"
"499","COMP 018","Database Administration","2","3","3","5","2024-11-20 00:04:32","2024-11-20 00:04:32"
"500","COMP 019","Applications Development and Emerging Technologies","2","3","3","5","2024-11-20 00:04:32","2024-11-20 00:04:32"
"501","INTE 351","System Analysis and Design","3","0","3","3","2024-11-20 00:04:32","2024-11-20 00:04:32"
"502","COMP 025","Project Management","2","3","3","5","2024-11-20 00:04:32","2024-11-20 00:04:32"
"503","COMP 017","Multimedia","2","3","3","5","2024-11-20 00:04:32","2024-11-20 00:04:32"
"504","ITEC 301","Advance Programming","2","3","3","5","2024-11-20 00:04:32","2024-11-20 00:04:32"
"505","COMP 015","Fundamental of Research","3","0","3","3","2024-11-20 00:04:32","2024-11-20 00:04:32"
"506","COMP 027","Mobile Application Development (SMP PLUS)","2","3","3","5","2024-11-20 00:04:32","2024-11-20 00:04:32"
"507","ITEC 302","Capstone","2","3","3","5","2024-11-20 00:04:32","2024-11-20 00:04:32"
"508","ITEC 303","Practicum 2 (Computer Programming Specialist- 300 hours)","1","6","3","7","2024-11-20 00:04:32","2024-11-20 00:04:32"
"509","ITEC 304","Seminar Issues on Trends in Information Technology","0","6","2","6","2024-11-20 00:04:32","2024-11-20 00:04:32"
